user_id,game_name,genre,level,play_time,purchase_count,achievement_rate,churn
U01060,Blade Run,Simulation,expert,20.68064431692003,2,0.7241889510736182,0
U01350,Blade Run,Racing,beginner,11.72853366756206,0,0.38736991753186795,1
U00902,Blade Run,RPG,normal,4.112952926150344,3,0.3405062946086586,0
U01355,Castle Farm,Action,beginner,30.492050229179366,1,0.5359977648271868,0
U00644,Drift Max,Simulation,hard,20.562327223264568,0,0.4089075354642519,0
U00405,Blade Run,Racing,beginner,35.57740480555895,3,0.16069257224669042,0
U01245,Aster Quest,Racing,beginner,41.917012917747165,0,0.6876423532058806,1
U00051,Drift Max,RPG,normal,9.531691110600546,1,0.3654773334134,1
U00641,Blade Run,Simulation,beginner,7.2995345733909005,2,0.7602263377331436,0
U01360,Aster Quest,Racing,hard,32.14236998035139,2,0.8821404808962988,0
U01399,Drift Max,Racing,beginner,57.415917558615284,3,0.34650132059253363,0
U00534,Drift Max,Action,normal,38.95833016346265,0,0.13068635085441943,1
U01043,Blade Run,RPG,beginner,26.82418754838617,1,0.43456652733590617,0
U00629,Aster Quest,Racing,normal,20.629603855542758,2,0.09658214070774315,0
U00553,Blade Run,Racing,normal,7.882884256269691,1,0.7124669541520504,0
U00470,Drift Max,Simulation,normal,18.4941636988632,3,0.46431759952416396,0
U00678,Blade Run,Racing,normal,46.22965717897793,2,0.70906226765645,0
U00870,Blade Run,Action,beginner,19.41367846174381,2,0.40126803628720015,0
U00369,Blade Run,RPG,normal,21.258404977901236,2,0.5454174564576986,1
U00892,Aster Quest,Simulation,normal,50.219787259428564,1,0.6433195981986477,0
U00616,Castle Farm,Racing,normal,23.617733046431425,2,0.37445893019978965,1
U00736,Aster Quest,RPG,beginner,40.654247212093885,2,0.1020551230268322,0
U01113,Aster Quest,Racing,normal,42.925142366540356,1,0.2853347213959804,1
U01121,Aster Quest,Racing,beginner,61.95849095316379,2,0.40454750943774004,0
U01310,Castle Farm,RPG,normal,20.861218380703,3,0.5251605826739496,0
U01338,Blade Run,RPG,normal,27.091209412560133,4,0.2842199255397993,0
U00243,Castle Farm,RPG,normal,4.635074657419595,5,0.7147619407142983,0
U00112,Castle Farm,Simulation,normal,49.732424254623076,2,0.17534487920209502,0
U01246,Drift Max,Racing,beginner,16.340673151183715,3,0.46923296846516854,0
U01255,Castle Farm,Simulation,beginner,32.045421867179705,1,0.09171284032822118,1
U00853,Castle Farm,Racing,normal,20.032008243778087,1,0.8121806856070203,1
U00642,Aster Quest,Action,hard,4.731304786164139,0,0.11393944572665164,0
U01267,Castle Farm,Action,expert,31.238126603195237,0,0.4417240312209749,0
U00848,Castle Farm,Action,hard,25.67704360828147,1,0.37505526638500386,0
U00746,Castle Farm,Simulation,normal,9.892846345317967,3,0.4830323980171037,1
U00212,Drift Max,Action,normal,25.24295013620031,0,0.26574158907686785,1
U01326,Castle Farm,Action,normal,18.241847844827017,4,0.6368614571595199,0
U00573,Castle Farm,Racing,beginner,14.414798866972387,1,0.2762215743647914,1
U00999,Castle Farm,Action,beginner,12.150849757029594,0,0.25238150702838424,1
U01345,Castle Farm,Action,hard,13.603544430688938,1,0.09928319550366776,1
U01041,Aster Quest,Simulation,expert,24.682412575012545,3,0.5136420990099431,0
U01011,Blade Run,Action,hard,35.15877441924779,1,0.6500287451017988,0
U00522,Blade Run,Racing,hard,6.730846014594415,0,0.35429852760537983,1
U00197,Drift Max,Racing,expert,83.16755040464619,1,0.14157931000182927,0
U01363,Blade Run,Simulation,normal,16.570532116663127,1,0.4244510523099936,1
U01024,Blade Run,Simulation,beginner,26.324669177463495,0,0.20231681422640582,0
U01216,Drift Max,RPG,normal,23.75629477847821,2,0.5627689973985519,1
U00723,Castle Farm,Simulation,beginner,17.15103570489898,1,0.31017180169519265,1
U01162,Drift Max,Action,normal,35.21746846097413,0,0.4954935397228647,1
U01091,Aster Quest,Action,beginner,12.638892167746864,0,0.4072453816106643,0
U00218,Blade Run,RPG,normal,16.99725968560711,3,0.2958339177576869,0
U00824,Castle Farm,Racing,normal,36.913738210813705,1,0.7362996603632006,0
U00309,Aster Quest,Simulation,hard,39.608013927265326,1,0.2771389247029754,0
U00378,Castle Farm,Action,beginner,15.224902689274579,1,0.5194852583916347,0
U00504,Aster Quest,Action,expert,33.987856671987764,1,0.6292333981759585,0
U00204,Aster Quest,Racing,hard,16.867961809929948,5,0.47355092466356125,0
U01288,Aster Quest,Action,beginner,14.215947163285767,2,0.13665843909738154,1
U00276,Drift Max,RPG,beginner,29.919822974167502,2,0.44530450860116616,1
U00921,Castle Farm,RPG,beginner,36.74185310565554,2,0.7566800337732602,0
U00456,Blade Run,Simulation,normal,8.915100365977644,1,0.10343067002369126,1
U00798,Aster Quest,RPG,normal,36.838876021848435,3,0.15956222680790952,0
U01040,Drift Max,RPG,beginner,42.909400359986044,3,0.49815108337944475,1
U01175,Castle Farm,Racing,normal,3.430862370133323,3,0.45142508068658765,0
U00372,Drift Max,Action,normal,17.612916364110568,1,0.2250267369181768,1
U00198,Drift Max,Simulation,normal,26.950570560837487,2,0.37576357929331533,0
U00626,Aster Quest,Action,normal,8.967161648209428,1,0.6021396883074767,0
U00387,Blade Run,RPG,normal,15.781143540865688,2,0.14098626755160948,0
U00303,Castle Farm,Racing,beginner,44.83229589459238,2,0.35346111687768395,0
U00819,Drift Max,Racing,normal,34.33243038858565,2,0.30943613115652385,1
U00335,Drift Max,Simulation,beginner,30.784231337566894,2,0.18234741627046408,0
U01324,Blade Run,RPG,hard,33.63590430714467,0,0.27624171259940417,0
U00781,Blade Run,Simulation,hard,38.11649430100036,2,0.14547808767763712,0
U00784,Drift Max,Racing,beginner,45.481963879046894,3,0.4271274963114677,0
U01008,Blade Run,Simulation,normal,8.294312028783883,1,0.46832638267337373,1
U01211,Aster Quest,Racing,normal,12.591125445283875,2,0.7275874593100204,0
U01318,Blade Run,Racing,beginner,54.87509793608781,1,0.3761477908240556,0
U00434,Drift Max,Simulation,beginner,15.238338137985467,2,0.35316510306981413,0
U00314,Blade Run,Simulation,hard,22.82390313248681,0,0.44862188038604045,1
U00179,Aster Quest,Action,beginner,9.192218745389848,2,0.3282134912515354,1
U00711,Aster Quest,Racing,beginner,66.48248656984869,0,0.32238241140775875,1
U00972,Castle Farm,RPG,normal,9.015692691480302,1,0.3850611022520595,0
U01315,Aster Quest,Action,expert,35.35132221204913,3,0.2613453063023522,0
U00043,Drift Max,Simulation,expert,16.77767075939122,3,0.3153578502794207,0
U00941,Aster Quest,RPG,normal,34.00999768991777,1,0.6776516917253821,0
U00544,Drift Max,RPG,normal,3.486462134167158,1,0.30934209523313405,0
U00191,Aster Quest,Action,beginner,45.924521336448414,2,0.2819430407501963,0
U00159,Drift Max,Simulation,beginner,42.72278999699748,0,0.3024003220257475,0
U00801,Aster Quest,Action,beginner,15.329843657766633,0,0.04715813561474939,0
U00256,Aster Quest,Simulation,normal,15.30189264220072,2,0.12765118112808468,1
U00822,Aster Quest,Racing,beginner,28.355644424096063,1,0.4016888416955291,0
U01173,Drift Max,Simulation,beginner,28.85296617849072,2,0.7022921234135406,0
U00020,Aster Quest,Action,beginner,40.219254249869586,3,0.3848183412010104,0
U01321,Castle Farm,Simulation,expert,23.47933596405972,0,0.21246896533644885,1
U01247,Drift Max,Simulation,normal,46.800176954534365,0,0.20142269470613902,0
U00028,Blade Run,RPG,beginner,72.10234216581384,2,0.7516988482295021,0
U00635,Blade Run,Action,normal,25.041495916104353,1,0.43790502552299965,0
U00469,Aster Quest,RPG,normal,39.876195373479035,0,0.48767097597162073,0
U00035,Blade Run,Action,hard,40.66324946690816,1,0.39495592048061384,0
U00024,Drift Max,Simulation,hard,28.95590712990756,1,0.05653166546210418,0
U00047,Castle Farm,Simulation,normal,54.32897918552047,1,0.30082516729331094,0
U00745,Blade Run,Racing,normal,20.047180815936294,2,0.6266452059482331,0
U00398,Aster Quest,Racing,normal,30.386764740124978,4,0.6630042031761703,0
U00894,Blade Run,RPG,normal,24.600707572674303,2,0.2430758314288208,1
U00730,Castle Farm,Simulation,normal,30.91587307891356,1,0.5602976722279723,0
U00793,Drift Max,RPG,normal,16.99345721543482,1,0.4648364504652168,0
U00816,Blade Run,Simulation,beginner,38.03215786598395,0,0.5874325974520065,0
U00038,Aster Quest,Simulation,normal,47.36932019412592,2,0.08788547732820477,0
U01380,Blade Run,Simulation,hard,61.75541543481431,2,0.25830795086695074,0
U01239,Blade Run,Simulation,hard,16.550836864861576,2,0.640891925871486,0
U00913,Drift Max,Simulation,hard,12.286517317864055,2,0.3094877704617313,0
U00528,Blade Run,Simulation,hard,16.468080485924304,1,0.2771083777666939,0
U00176,Drift Max,Action,normal,15.61932142890311,2,0.6424321494043395,0
U01392,Blade Run,Action,expert,17.20843503558172,2,0.1549852819481791,0
U01088,Blade Run,Racing,hard,15.4523828679157,1,0.43567820641731714,1
U00725,Blade Run,Action,normal,32.06377822233784,0,0.3479951871136894,0
U01333,Blade Run,Simulation,normal,29.630648269262462,2,0.165997391697389,0
U00355,Castle Farm,RPG,beginner,35.30859259868551,2,0.43382334752739854,0
U00161,Aster Quest,Racing,normal,25.358200245339116,1,0.30039552837904643,0
U00832,Aster Quest,Action,hard,29.779338879399074,3,0.2849489180554307,0
U01050,Castle Farm,Racing,hard,22.949011873437716,3,0.42581283866805775,0
U00273,Aster Quest,Racing,beginner,30.63997075905254,2,0.36675063391665724,0
U01228,Castle Farm,Simulation,beginner,9.850790283762342,2,0.11972166399358476,1
U01394,Blade Run,Simulation,hard,23.785038471265782,4,0.8181679963216597,0
U00957,Castle Farm,RPG,hard,44.993341755925336,3,0.7330657996762739,0
U00106,Aster Quest,RPG,hard,21.05580620168038,2,0.5947483547526002,0
U01253,Castle Farm,Racing,beginner,28.259567159116553,4,0.5371522876845571,0
U00597,Aster Quest,Action,normal,16.569528689308733,1,0.5464715242550785,1
U00136,Castle Farm,Racing,normal,22.75013815351695,0,0.5889397741690081,0
U00300,Aster Quest,Action,hard,19.91712137636152,2,0.27305642782966255,0
U01281,Aster Quest,Simulation,beginner,34.32653384846921,2,0.6134673790304893,0
U01049,Drift Max,Simulation,beginner,9.795188763004136,2,0.427797855622033,0
U00923,Drift Max,Simulation,hard,51.265808657833226,0,0.6051131276160154,0
U01118,Castle Farm,Simulation,beginner,14.811366483262528,2,0.26551327498345917,1
U01308,Blade Run,Simulation,expert,63.07452707288408,1,0.6323308799291386,0
U00826,Castle Farm,Simulation,beginner,19.571252902335157,3,0.2870471311787158,0
U01369,Drift Max,Racing,beginner,20.280701668486746,2,0.7586552859228513,0
U00240,Aster Quest,Simulation,beginner,27.883118654700564,2,0.5620892704031221,0
U01018,Castle Farm,Racing,normal,13.371692095190081,4,0.37641182617906355,0
U00640,Blade Run,Simulation,normal,19.84282952519646,0,0.09137179965014265,1
U01264,Drift Max,Action,hard,24.25419754609956,3,0.24283031164220423,0
U00030,Aster Quest,Racing,beginner,38.534018985157665,0,0.18648858256334694,1
U00506,Drift Max,Simulation,hard,17.2477531165452,0,0.4274481575017142,0
U00422,Castle Farm,Action,hard,22.132533027213313,1,0.09049393977704741,0
U00766,Castle Farm,Racing,expert,15.04031785666144,1,0.2993097494901896,0
U00575,Aster Quest,RPG,beginner,34.84840519996942,1,0.282339525599274,0
U00924,Blade Run,Simulation,normal,17.703737388301747,1,0.40224280854925476,1
U00743,Blade Run,Action,normal,27.41872708935632,0,0.22155671666554852,0
U01053,Castle Farm,Simulation,hard,35.72162699204481,0,0.3998153196189236,0
U00129,Drift Max,Action,normal,29.400924084281748,1,0.3351549586722824,0
U00518,Aster Quest,RPG,hard,12.181330818692492,0,0.4221880423924949,0
U00656,Aster Quest,RPG,hard,23.448959279478654,0,0.5229431435460263,0
U00466,Blade Run,RPG,normal,45.44941563239824,2,0.5510801135604564,0
U00788,Blade Run,Action,normal,27.487586552132782,2,0.354619151714261,0
U00394,Castle Farm,Action,hard,23.84517239260697,2,0.7194448086099501,0
U01002,Drift Max,Racing,normal,19.04197945503826,0,0.7838962515086163,0
U01205,Castle Farm,Action,beginner,13.571415124622439,1,0.3962145024408179,0
U01236,Aster Quest,Action,normal,18.166954562275293,2,0.17285233563771238,1
U00795,Drift Max,Racing,normal,15.118660603000293,0,0.20996291577709775,0
U01353,Aster Quest,Action,normal,58.430905562182005,3,0.6647186478031549,0
U01095,Aster Quest,Racing,normal,38.39133611426531,0,0.19941220958039366,1
U00251,Castle Farm,RPG,beginner,32.57606284691404,1,0.42147915328515473,0
U01102,Drift Max,Simulation,hard,22.413793360382872,0,0.07260292303257052,0
U01303,Drift Max,Racing,beginner,9.153668248852387,1,0.589526631020194,0
U00700,Aster Quest,RPG,normal,23.250200916119795,2,0.5246774104990128,0
U00674,Drift Max,Action,normal,19.82929910332083,1,0.5851164180176464,0
U01107,Drift Max,Simulation,normal,60.86721064245039,2,0.4847840783525725,0
U00151,Blade Run,RPG,beginner,32.75028612046919,2,0.14196430080494948,0
U00116,Drift Max,Simulation,beginner,4.247398047919368,1,0.7124688968710179,1
U01296,Drift Max,RPG,normal,24.784174180500795,3,0.657456591785814,1
U01005,Drift Max,RPG,normal,29.205808085224092,1,0.5942921866254496,1
U00502,Aster Quest,RPG,normal,28.494050808656667,2,0.3866676450701928,1
U00714,Castle Farm,Racing,normal,19.371580394720784,2,0.17407900968376397,0
U01208,Castle Farm,Simulation,beginner,21.642745360150048,1,0.44780428320035154,0
U00900,Blade Run,Action,normal,16.858644250442932,1,0.5012210668677869,0
U00666,Blade Run,Racing,normal,26.027605706932768,1,0.4180275631352392,1
U00786,Blade Run,Simulation,beginner,23.896770290351537,1,0.8940993575605547,0
U00546,Castle Farm,Racing,hard,25.387499994175492,0,0.7945179680398609,0
U00320,Castle Farm,Simulation,normal,28.082119842121713,2,0.3406370507927362,1
U00042,Aster Quest,Racing,normal,79.34817660958062,0,0.14907194214700067,0
U00877,Castle Farm,Simulation,normal,32.84027699298281,1,0.6282796365108398,0
U00548,Castle Farm,Simulation,normal,25.50089364787006,2,0.18410547429551305,1
U00510,Castle Farm,Racing,hard,31.519029022762627,1,0.3292768810142005,0
U00128,Castle Farm,RPG,beginner,43.70917379358961,0,0.5511094263513462,0
U01033,Drift Max,RPG,normal,22.310459270497873,1,0.1276987802534952,0
U01103,Drift Max,RPG,expert,37.85453379528655,1,0.2954073061297394,0
U00927,Blade Run,RPG,normal,21.433239962372564,1,0.1901481183663914,1
U01087,Aster Quest,RPG,normal,22.146935297176757,1,0.6858180324547428,1
U00799,Aster Quest,RPG,beginner,35.81661995334616,1,0.19725033941992673,0
U00287,Drift Max,Racing,beginner,14.933804591398328,0,0.7257053891316692,1
U00249,Blade Run,Action,normal,25.80121351056681,1,0.23356161278291912,1
U00009,Aster Quest,Simulation,normal,19.79127092090974,3,0.37532049240496523,1
U00779,Drift Max,Racing,hard,16.03018569301996,1,0.21475912652770154,0
U00935,Aster Quest,Action,normal,3.9866354521403777,1,0.6388446317169355,0
U01207,Aster Quest,Action,beginner,21.678986302726525,2,0.45179844095117594,0
U01327,Castle Farm,Action,beginner,27.41342635288427,0,0.09240267432895094,0
U00306,Castle Farm,Simulation,beginner,35.08766948175016,4,0.2734420786888477,0
U01258,Drift Max,Racing,beginner,55.06854094386644,0,0.49224062566944443,0
U00821,Castle Farm,Simulation,normal,62.266259033767234,2,0.5819644061173984,0
U01074,Drift Max,Simulation,normal,19.167132092873597,3,0.5061762894279968,0
U00227,Blade Run,Action,normal,27.312982722461026,2,0.4581734082466763,0
U00002,Drift Max,Simulation,beginner,22.019837923650705,1,0.17905854272986624,1
U00188,Blade Run,Action,expert,9.682712885140837,3,0.3743771877165478,0
U00080,Castle Farm,Simulation,hard,8.551426759562561,3,0.23647442883313302,0
U00055,Blade Run,RPG,hard,6.284759714009175,1,0.5012033625595578,1
U01218,Aster Quest,Action,normal,33.377967582129386,5,0.7522955506036381,0
U00173,Drift Max,Racing,beginner,9.388336594680174,1,0.4830583374170697,1
U00341,Drift Max,Racing,beginner,15.877768009445116,1,0.4771822267229195,1
U00555,Blade Run,Action,normal,17.15881832807343,2,0.20052966597054495,1
U00464,Drift Max,Action,normal,21.180386684808102,1,0.2121871233432116,0
U01294,Blade Run,Racing,beginner,18.004658940146,2,0.288473078593473,1
U01106,Aster Quest,Racing,beginner,11.185533757325272,1,0.5453669392024555,0
U00053,Blade Run,Action,beginner,23.573533704576946,2,0.12093075508156644,0
U01080,Aster Quest,Racing,normal,25.18068337977997,1,0.31631767423216084,0
U00168,Aster Quest,Racing,normal,4.089517597976063,2,0.5464029261470145,1
U00690,Blade Run,Action,normal,15.526435402871943,1,0.22677426477918952,1
U00130,Blade Run,Action,normal,18.236135173341395,2,0.36796777771185396,0
U01388,Blade Run,Simulation,beginner,66.75731659843865,1,0.37727650261119133,0
U00560,Aster Quest,Racing,beginner,20.335720283138812,1,0.46066287808154016,0
U01219,Blade Run,Action,beginner,16.249659978934474,0,0.5637098949939662,0
U01293,Blade Run,Racing,beginner,27.691913962127156,2,0.5140763981414587,0
U00864,Drift Max,Simulation,expert,19.08526758835486,1,0.27411795620181445,0
U00061,Drift Max,RPG,normal,15.020160093518419,1,0.4080437433933458,1
U00336,Aster Quest,Action,normal,18.203534382062116,2,0.6776318860881297,1
U00643,Blade Run,Simulation,hard,39.12482808257799,2,0.38504878926259334,0
U01276,Castle Farm,RPG,normal,46.66651069690133,3,0.31544945438753763,0
U01179,Aster Quest,RPG,beginner,30.919315147383116,0,0.16948050895565586,0
U00203,Blade Run,Action,normal,26.01733384461008,0,0.2761983364366385,1
U00763,Castle Farm,RPG,hard,70.78653417845129,1,0.5440579377436389,1
U00918,Drift Max,RPG,normal,14.785809375546261,1,0.33793821429383103,0
U00653,Aster Quest,Simulation,hard,41.30507853014693,1,0.49900054246818853,0
U00685,Aster Quest,Simulation,normal,26.17119805206398,2,0.207969456943828,0
U00337,Aster Quest,Action,beginner,14.511655224206411,3,0.42449992924073837,0
U00721,Drift Max,RPG,normal,30.813449601154744,3,0.6366883761083447,1
U00432,Drift Max,RPG,normal,41.41229895278813,1,0.5288834233912608,0
U00021,Aster Quest,Racing,expert,7.369646216180398,2,0.5214153607973083,1
U01274,Blade Run,Racing,normal,29.082331063612383,3,0.3459362632046082,0
U00958,Blade Run,Simulation,hard,45.037035304407,4,0.5740004064868428,0
U01071,Drift Max,RPG,normal,22.508866845077616,2,0.08562454411624469,1
U00368,Castle Farm,RPG,normal,13.69394033735843,2,0.5337384566594123,0
U00891,Blade Run,Racing,beginner,12.336973830959252,0,0.37720196175956977,1
U00587,Castle Farm,Action,beginner,8.242956799381643,1,0.29290531995515295,0
U01075,Drift Max,Action,beginner,39.99394279749067,1,0.6075110839296517,0
U01230,Blade Run,RPG,hard,20.32963435852885,1,0.1839961546560932,0
U01192,Blade Run,RPG,beginner,22.504184068461107,5,0.7552063878877062,0
U01199,Drift Max,Racing,beginner,13.83788575930381,0,0.26081161231564365,1
U01234,Aster Quest,Action,normal,13.6906115919279,1,0.06754200710258859,1
U00225,Blade Run,Racing,normal,10.480778638316364,1,0.6816715304431683,0
U00937,Blade Run,Simulation,normal,25.869656863463767,1,0.41955544425478997,0
U00090,Castle Farm,Racing,hard,44.65737506508931,2,0.6499298777716139,0
U01217,Drift Max,RPG,normal,11.368721146181375,1,0.469207220322648,0
U00622,Blade Run,Racing,beginner,9.99931423389059,0,0.2407055393739361,0
U00748,Blade Run,Racing,normal,41.21482290570578,2,0.222877518314633,0
U00265,Blade Run,Action,normal,31.205279430115105,2,0.37974350050952843,0
U01020,Aster Quest,Racing,normal,26.919350629555264,1,0.48204108303730175,1
U00458,Aster Quest,Action,hard,33.82766811754646,1,0.39696674695762807,0
U00724,Aster Quest,Simulation,beginner,22.161270923638117,1,0.1459442304759555,1
U00538,Aster Quest,Action,expert,17.746601709319666,1,0.3931998234603666,1
U01111,Blade Run,Racing,normal,12.911985344780613,2,0.37287790293912254,0
U00965,Castle Farm,Action,hard,18.452666885482287,0,0.5146198490050974,0
U00012,Drift Max,Simulation,hard,23.355922527137885,0,0.4475539895205948,0
U00330,Drift Max,RPG,normal,47.50530432373708,3,0.2781281563279508,0
U00370,Castle Farm,Simulation,normal,13.11307432822499,1,0.4183144441095855,0
U00905,Aster Quest,Racing,normal,12.515431072955813,2,0.3078406152280015,1
U00327,Aster Quest,Simulation,expert,15.648632249115083,3,0.6906616106083169,0
U00418,Drift Max,RPG,expert,36.13811521767238,2,0.31151828887634875,0
U01400,Castle Farm,Simulation,hard,51.29429695530047,0,0.6882024254776664,0
U00638,Castle Farm,RPG,beginner,7.758632759510018,1,0.579136782837134,1
U00154,Drift Max,Simulation,normal,6.672536190981852,3,0.5113434010167218,1
U01165,Blade Run,Simulation,normal,6.988511666798293,1,0.46010160381460335,1
U00702,Drift Max,Racing,beginner,18.32923026263446,0,0.27597743060726937,1
U01317,Blade Run,Action,hard,11.563630613440935,0,0.4934763958668563,0
U00164,Drift Max,Action,hard,26.5348097774976,0,0.2366676076637448,1
U01365,Aster Quest,Racing,normal,27.19230669084165,1,0.5569893459300436,0
U00364,Drift Max,Simulation,expert,49.21445952036261,2,0.529813549265138,0
U01189,Blade Run,RPG,hard,18.005238136331574,0,0.3135258365808636,1
U00350,Aster Quest,RPG,beginner,42.933340689076914,2,0.5524209370527671,1
U00543,Castle Farm,Simulation,normal,17.15082181767053,0,0.3855124614546121,1
U01287,Aster Quest,Action,hard,26.506491503856704,0,0.4458356387745691,0
U00612,Drift Max,Simulation,beginner,28.25553712936028,1,0.18571963265045627,0
U00216,Aster Quest,Racing,normal,25.30799447588155,2,0.5854502326138674,1
U01078,Castle Farm,Racing,normal,21.9524937211452,0,0.7703220680133709,1
U00857,Castle Farm,RPG,beginner,24.959273466777557,2,0.5479243997413974,0
U01061,Aster Quest,Simulation,hard,13.298589415750271,1,0.3177457568700228,0
U00402,Castle Farm,Racing,hard,22.59316077191519,1,0.34159891543883797,0
U00062,Aster Quest,Racing,normal,6.882686229988937,1,0.29333398995041365,0
U00389,Castle Farm,Simulation,normal,21.32030582783991,2,0.23039868371601305,1
U00646,Drift Max,Simulation,beginner,7.736704613555037,3,0.3481478213016109,0
U00282,Blade Run,Racing,hard,57.828777895773406,3,0.053674072409758786,0
U00334,Blade Run,Action,normal,41.19265084924375,2,0.3570574541316813,0
U01330,Drift Max,RPG,normal,92.03864199019631,4,0.3838856555953803,0
U00633,Aster Quest,RPG,beginner,61.53425597121814,1,0.33929582693707155,0
U01123,Drift Max,Racing,beginner,43.98769965116258,1,0.4555686942165509,0
U01382,Aster Quest,Simulation,beginner,45.85288008027736,3,0.13342903990006452,0
U00190,Blade Run,Action,hard,27.091117407630634,1,0.6855139314752186,0
U00501,Blade Run,Action,normal,33.82899234716874,2,0.12010656821747238,0
U00110,Drift Max,Simulation,beginner,14.832664181119387,4,0.45432874192185824,0
U01374,Aster Quest,RPG,beginner,14.198099558985533,0,0.28891155579881506,1
U00078,Castle Farm,Simulation,normal,34.164948319513385,1,0.11305856920393903,0
U00524,Aster Quest,Action,hard,16.462476520430865,3,0.2534001727559759,0
U01052,Aster Quest,RPG,normal,6.4140012081603865,1,0.6052501844667998,1
U00951,Blade Run,RPG,hard,41.719763505362884,2,0.39535937856516074,0
U00207,Drift Max,Simulation,beginner,6.463992590344761,0,0.47764471391927393,1
U00577,Aster Quest,RPG,normal,24.073225773090762,3,0.48653661885213356,0
U00182,Blade Run,Action,normal,15.562149870071773,4,0.5944838436608385,0
U00242,Blade Run,Simulation,beginner,32.9251332081357,2,0.6497503223786201,0
U00890,Blade Run,Racing,beginner,37.61851335195543,2,0.8045442091849159,0
U00250,Castle Farm,Simulation,normal,23.238424664782872,6,0.7122045025957416,1
U00602,Aster Quest,RPG,beginner,27.63475353606496,3,0.753889084620429,1
U00217,Blade Run,Action,hard,18.832862742275704,2,0.41021262428985156,0
U00324,Castle Farm,Simulation,normal,21.45932185992452,3,0.5314924250674621,0
U00097,Drift Max,Racing,normal,18.592783930436077,4,0.5447754540790706,0
U00706,Drift Max,Simulation,normal,21.762327679470765,1,0.20126542974512826,0
U00917,Blade Run,Action,hard,42.26342507642457,2,0.32704634624308065,0
U00676,Aster Quest,RPG,normal,9.354395588386781,2,0.22931579958706386,0
U00395,Drift Max,Racing,hard,18.691110791023483,1,0.23762532912723172,0
U00468,Aster Quest,Action,beginner,16.380849668618772,1,0.8075477471635442,1
U00907,Drift Max,Action,normal,21.610711252361245,2,0.5526334128735223,0
U00183,Castle Farm,Action,normal,16.81278547318282,0,0.33031403494106637,1
U00322,Castle Farm,RPG,hard,19.32864418508383,2,0.7156399859969982,0
U00655,Aster Quest,Action,normal,12.989329508043022,2,0.6980617413269737,0
U00380,Aster Quest,RPG,hard,40.25848650506252,2,0.14710908143031204,0
U01144,Castle Farm,Action,hard,9.874491378216025,2,0.41297606274743676,0
U01348,Aster Quest,Simulation,hard,13.787996937057063,0,0.23756361872174575,0
U01153,Aster Quest,Simulation,hard,37.20436260607952,1,0.4791300275552567,1
U01073,Drift Max,RPG,hard,12.981552660770667,0,0.09657552040877368,1
U00027,Castle Farm,Racing,beginner,29.00254156046719,1,0.38217366265097363,1
U01110,Aster Quest,Racing,beginner,34.697272189565695,2,0.27248991325354155,0
U00229,Drift Max,Racing,hard,45.43188259748149,5,0.5177762481516868,0
U00219,Aster Quest,RPG,beginner,14.13698801383422,1,0.3311740230758088,0
U00399,Castle Farm,Simulation,expert,22.307385869107744,1,0.3085371358253627,0
U00175,Aster Quest,Action,beginner,27.3640558754321,2,0.3049696090952331,0
U01130,Drift Max,Simulation,hard,11.953050864410846,4,0.3655630501872673,0
U00304,Drift Max,RPG,beginner,53.1472727375825,3,0.23745644893468654,0
U00041,Castle Farm,Simulation,hard,18.453890766859836,0,0.20082711935952322,0
U00996,Castle Farm,Simulation,beginner,47.2732677959393,2,0.5990815442862806,0
U00352,Drift Max,Simulation,beginner,28.94909197417183,2,0.06744240212455369,1
U00728,Aster Quest,Simulation,beginner,14.966917607320116,2,0.30343039015777606,0
U01109,Blade Run,Racing,hard,33.04065995736866,2,0.04313431927068657,0
U00669,Castle Farm,Racing,normal,43.764105967282674,0,0.842216089415483,0
U00003,Castle Farm,Action,normal,52.7573156473001,3,0.5894927152412509,0
U01243,Aster Quest,Racing,beginner,22.43704936411243,2,0.754664994598783,0
U01343,Aster Quest,Simulation,normal,67.53364855335448,1,0.6958835660497326,0
U00977,Blade Run,Action,normal,32.22733170205728,3,0.5061072275295495,0
U00241,Castle Farm,Racing,beginner,18.821407675875243,2,0.7450705280807631,0
U01099,Drift Max,Action,beginner,27.244302528951003,0,0.20512216628373647,0
U01393,Drift Max,Simulation,beginner,11.661383885052723,3,0.4276420846447907,0
U00407,Blade Run,Action,normal,42.95457183666225,2,0.5944462930750177,0
U01319,Drift Max,RPG,beginner,10.15845855677424,0,0.6659535686129842,1
U01076,Drift Max,RPG,beginner,46.411618187850195,1,0.7699274051582243,0
U00390,Drift Max,Racing,normal,41.80366810185399,3,0.284944368146948,0
U00790,Drift Max,Racing,normal,22.980049713230905,2,0.1297050096040124,1
U00077,Castle Farm,RPG,normal,13.257746581993537,1,0.5931114651027168,0
U01270,Drift Max,Racing,beginner,34.57492849979101,4,0.42208306526676925,0
U00419,Blade Run,Simulation,expert,19.80581498135276,3,0.3430914454169231,0
U01062,Drift Max,Action,beginner,42.13518031717727,2,0.5019802410745665,0
U01280,Drift Max,RPG,beginner,55.691511565385696,0,0.9445083668404355,0
U01366,Drift Max,Simulation,beginner,34.69126149184967,0,0.14698507491876764,1
U00797,Drift Max,RPG,hard,27.036540607442443,1,0.2571981601446209,0
U00846,Blade Run,Racing,hard,33.924414135866314,0,0.1825755487613872,0
U01068,Castle Farm,Racing,beginner,12.370465452038896,3,0.18175474778793338,0
U01150,Castle Farm,RPG,normal,19.01961651143221,1,0.558563063682957,0
U01055,Blade Run,Action,normal,45.72786897242961,3,0.23372179663630555,0
U00091,Castle Farm,Simulation,hard,32.69441495007627,2,0.42224235600934995,0
U00547,Blade Run,Racing,beginner,13.44160066873895,1,0.6184181507529184,0
U00809,Drift Max,Simulation,hard,40.88448136763499,2,0.37791059663284216,0
U01133,Blade Run,Simulation,normal,19.35126268720213,1,0.29553557401060476,0
U00591,Blade Run,Simulation,beginner,55.04600349534064,4,0.6347170449435728,0
U00486,Aster Quest,Simulation,hard,1.2950362989114772,3,0.5634316197605994,0
U00148,Aster Quest,Action,beginner,15.697930463892165,0,0.08731333774004114,1
U00627,Aster Quest,Racing,normal,26.952271890531122,4,0.3026912861095002,1
U00647,Drift Max,Simulation,normal,26.896810065604367,1,0.44034199223226866,0
U00885,Castle Farm,RPG,normal,25.8429263682666,2,0.6083938778548195,1
U00283,Blade Run,Racing,normal,17.434583616408283,2,0.5932726980415404,0
U01358,Castle Farm,Action,expert,52.3034449531924,2,0.17637708883998723,0
U00152,Drift Max,Action,normal,73.94141617258951,2,0.14645710547408297,0
U01210,Blade Run,Action,expert,18.148832343187827,2,0.3132379239026656,0
U00195,Blade Run,Simulation,normal,41.142947845564045,4,0.7501173393820175,0
U00670,Castle Farm,Action,beginner,21.922764176531512,2,0.3744522196794383,0
U00384,Castle Farm,Racing,hard,25.154585981284388,1,0.455787173705498,1
U00460,Aster Quest,Action,expert,38.752578969783805,1,0.3143381760779083,1
U00070,Drift Max,Simulation,hard,12.250008468997667,2,0.19961329373877296,1
U00463,Blade Run,Racing,normal,12.38262505490733,0,0.4534024266187778,0
U00011,Castle Farm,Action,normal,16.485758877449996,1,0.31820017160570546,0
U00083,Blade Run,Action,beginner,22.807352741885524,0,0.0507320937917555,0
U01100,Drift Max,Action,beginner,61.80601753062349,1,0.501860348819481,0
U00761,Aster Quest,Simulation,expert,32.2904214577543,1,0.7716810303321691,1
U00435,Castle Farm,Action,beginner,14.457374931469257,2,0.3344984985175786,0
U00593,Castle Farm,Simulation,expert,31.363967219055393,2,0.19858004149659464,0
U00953,Drift Max,Racing,beginner,47.39449359814252,5,0.6481083416754767,0
U01357,Castle Farm,Simulation,beginner,28.78744287404967,3,0.2370332944001042,0
U00491,Drift Max,Racing,expert,5.073337408390574,0,0.276436365194853,0
U00067,Drift Max,Racing,hard,55.73041647468941,2,0.5078287498913809,0
U00248,Castle Farm,Simulation,hard,28.91510196616717,1,0.21088479598953858,0
U01136,Castle Farm,Racing,beginner,43.41258371158111,2,0.8641592987463316,0
U01252,Drift Max,Racing,normal,12.836591979265448,1,0.4621033466665271,1
U00442,Aster Quest,RPG,beginner,15.762156032055486,2,0.6373014036638888,1
U00415,Aster Quest,Action,hard,65.7374433119654,1,0.38124269237588093,0
U00710,Drift Max,Racing,normal,7.727255989989358,1,0.16650382348770873,1
U00377,Drift Max,Simulation,normal,14.768511913987254,3,0.8482840177067706,0
U01116,Aster Quest,Racing,hard,37.7418422712692,2,0.34478462124768866,0
U00082,Drift Max,Simulation,expert,48.370372044656776,5,0.2752856105840177,0
U00509,Blade Run,Racing,hard,37.647129701291696,0,0.2137819295721095,0
U00719,Blade Run,RPG,normal,18.975016166993928,0,0.35842292798802844,0
U01044,Castle Farm,Action,beginner,1.6342128005522558,1,0.38867485632368065,0
U00013,Blade Run,Racing,normal,59.63115775119887,4,0.5536190643218278,0
U01182,Castle Farm,Racing,beginner,13.445368074642694,3,0.12969101461464225,0
U00842,Aster Quest,Simulation,normal,82.48421812164867,0,0.30806364134929204,0
U00934,Aster Quest,Simulation,normal,20.583715244372,0,0.6021436200222264,0
U01229,Drift Max,Racing,beginner,64.76468965561435,0,0.1864195536002991,0
U00264,Aster Quest,Action,hard,34.5573531955855,0,0.4402025534676744,1
U00732,Blade Run,Simulation,beginner,24.264430023567126,4,0.4045538552589146,0
U00966,Drift Max,Racing,beginner,55.60699756536211,1,0.5338656464024524,0
U01202,Castle Farm,Simulation,normal,15.112322778031103,0,0.4526850284494644,1
U00254,Aster Quest,Action,beginner,9.530387137360336,1,0.7644114789659724,0
U01064,Castle Farm,RPG,normal,13.339812049859662,1,0.25935071133278426,0
U00317,Drift Max,Action,normal,6.309553258850206,1,0.7384327791413324,0
U00850,Castle Farm,Action,expert,44.079668867362926,4,0.6206158385898324,0
U00897,Castle Farm,Racing,expert,16.87770234921345,1,0.15724952457398697,0
U00449,Castle Farm,Racing,beginner,21.880307147082547,1,0.7000627697361546,0
U01096,Castle Farm,Action,normal,14.78233162146794,0,0.2546221309380779,0
U00948,Aster Quest,Simulation,beginner,18.025333825214844,0,0.3230848463298338,0
U00205,Aster Quest,Racing,beginner,27.246491541799614,4,0.32655446908350944,1
U00269,Castle Farm,RPG,beginner,11.465006908683748,4,0.5715260691062518,1
U00697,Castle Farm,Action,beginner,9.633018135865903,0,0.44894682726954427,0
U00312,Aster Quest,RPG,beginner,57.77582037909271,1,0.19033231633803455,0
U01242,Aster Quest,Simulation,normal,67.77265137957662,0,0.36509801677985615,0
U00325,Drift Max,Action,expert,19.904251602056096,3,0.5597113233847065,0
U00739,Drift Max,Action,normal,31.625923590517708,0,0.40897926109564414,0
U00698,Aster Quest,Simulation,hard,28.97641212849279,2,0.5590090083212192,0
U01362,Castle Farm,RPG,beginner,19.903266770331108,1,0.6844512806088754,0
U00286,Castle Farm,RPG,normal,36.45464071174014,3,0.0669937405254544,0
U00695,Blade Run,Racing,hard,25.077560913846067,2,0.5639995888924003,0
U00005,Drift Max,RPG,normal,32.951917780186676,2,0.6077905489821457,0
U00882,Castle Farm,Simulation,normal,11.623432535203431,2,0.2540141801576158,1
U00827,Drift Max,RPG,normal,21.047754934524296,2,0.33723975744402346,0
U00391,Drift Max,RPG,beginner,15.15387503413177,1,0.2321115955775155,0
U01169,Castle Farm,RPG,hard,21.124689934462353,0,0.47370165266953074,0
U00558,Drift Max,RPG,beginner,20.13448739567123,2,0.43441144388398906,1
U00985,Aster Quest,RPG,normal,33.855206767730635,4,0.08842596774887398,0
U00342,Drift Max,Action,expert,32.099148704276374,0,0.5246006727859577,0
U00267,Blade Run,Simulation,normal,15.606134885425933,1,0.16997576138272674,0
U00525,Blade Run,Racing,beginner,17.125941361461127,1,0.2521275550342346,1
U00889,Castle Farm,Simulation,beginner,29.96602787630774,2,0.6046452259977853,0
U00785,Blade Run,RPG,beginner,12.135533446822945,2,0.0689328740764789,0
U00812,Castle Farm,Action,hard,32.85717208865887,0,0.46623736415903,1
U01304,Drift Max,RPG,normal,35.09787930757854,1,0.4430036933753766,1
U00773,Aster Quest,RPG,beginner,16.402131287395825,1,0.14677990172018268,0
U00348,Castle Farm,RPG,normal,13.221082613917561,2,0.06070003155950428,0
U00696,Aster Quest,Racing,beginner,73.84323719310149,0,0.47922720771958377,0
U01195,Drift Max,Racing,beginner,5.782390277961608,0,0.04161383418010076,1
U00914,Drift Max,Racing,hard,18.157906502763247,1,0.9073890774070644,0
U01250,Blade Run,RPG,expert,42.10299717516126,5,0.7996073242104333,0
U01298,Blade Run,RPG,beginner,28.34250477399744,4,0.4820103729971566,0
U00033,Blade Run,Action,beginner,20.146554354788424,1,0.6072231192825849,1
U00363,Drift Max,Simulation,hard,2.017018193322697,3,0.6537748731576357,0
U00375,Blade Run,Action,beginner,14.192021277069694,3,0.21209937472549137,1
U00404,Drift Max,RPG,normal,4.371008657982963,3,0.3687331519711382,0
U01381,Castle Farm,Racing,expert,37.77235122211083,1,0.29295183073376024,0
U00841,Drift Max,RPG,beginner,46.74861801140168,2,0.5032441728979453,0
U01001,Drift Max,Action,normal,15.651635507521801,1,0.18717171081417752,0
U01386,Blade Run,Simulation,normal,23.140877059432732,1,0.23434421795100294,1
U00093,Drift Max,Simulation,normal,37.999677811030985,1,0.8635683518379977,0
U00726,Blade Run,Racing,beginner,23.1592362431878,1,0.6851403898119057,0
U01248,Blade Run,RPG,hard,37.717173155668,1,0.48713282626132987,0
U01214,Drift Max,Action,normal,25.57160084566504,1,0.13543752375425838,0
U01223,Castle Farm,Action,hard,46.62891351454262,0,0.5473164342442263,0
U00008,Castle Farm,Racing,beginner,21.15529290324904,3,0.4317415503766032,1
U01359,Drift Max,Simulation,hard,33.27789866139802,1,0.5101577620283703,0
U01016,Blade Run,RPG,normal,29.195630727050787,3,0.5922307852981289,0
U01117,Castle Farm,Simulation,normal,27.011475946897136,0,0.2507805054332693,1
U00596,Castle Farm,RPG,normal,11.404631213392804,1,0.22852490787105825,1
U00895,Blade Run,Action,beginner,27.580108967329043,2,0.38775937438314295,0
U00796,Castle Farm,Action,hard,32.92466627171277,1,0.22026895151524595,0
U01140,Blade Run,Simulation,normal,36.87625325042737,2,0.6031063132376497,1
U01209,Blade Run,Simulation,normal,20.179970146335087,2,0.6202723272723858,0
U01019,Aster Quest,Simulation,hard,25.94236745730185,1,0.33241777449412657,0
U00839,Castle Farm,Action,normal,34.3639072058106,2,0.4946627779057158,0
U00118,Drift Max,Simulation,beginner,34.32766563166046,1,0.5947068116556539,0
U00803,Blade Run,Racing,normal,21.8442712613848,1,0.15005748243884176,1
U00691,Castle Farm,Action,beginner,14.887736382421728,3,0.2930234069519136,1
U00734,Blade Run,RPG,hard,28.95747250381226,4,0.4677468790627533,1
U01371,Drift Max,RPG,hard,39.43393114106561,4,0.4164524052101087,0
U00428,Aster Quest,RPG,normal,60.05459801358518,4,0.8855925427151471,0
U00665,Drift Max,Simulation,beginner,17.38880056717323,1,0.23549605089621517,1
U00476,Aster Quest,Action,beginner,10.105648730659604,1,0.19383729049833126,1
U00896,Aster Quest,Action,beginner,23.289442459526082,3,0.6113868774560652,0
U00471,Blade Run,Racing,hard,33.48084597670312,1,0.09245045342182708,0
U00943,Castle Farm,Simulation,normal,4.770098736294434,2,0.6821213464851701,0
U00764,Blade Run,Racing,hard,28.62521843228852,4,0.31107945430860123,0
U01141,Castle Farm,Racing,normal,39.681051414694394,0,0.5653526434649729,0
U01325,Blade Run,Racing,beginner,10.858444509731589,1,0.4708677547626594,1
U00964,Castle Farm,Simulation,beginner,9.884153279970068,3,0.624336857889123,1
U01176,Blade Run,RPG,normal,35.318101930465026,1,0.5738457826225251,0
U00365,Castle Farm,RPG,beginner,35.264438783476514,1,0.3222967045190441,1
U01093,Blade Run,Simulation,beginner,27.5498842217183,3,0.6988474284223933,1
U00211,Drift Max,Racing,normal,10.527215108363775,1,0.5910836509337134,0
U00258,Drift Max,RPG,normal,17.722735026578317,1,0.24703562138424848,0
U00955,Blade Run,Simulation,normal,13.469017591921109,1,0.3005374035172614,1
U00437,Blade Run,Simulation,beginner,37.606852290143934,0,0.6857617473683286,0
U00599,Blade Run,Simulation,normal,7.302103702107186,1,0.08896285682483407,1
U00202,Castle Farm,RPG,normal,35.2446743568519,4,0.8048706032794756,0
U00436,Castle Farm,RPG,normal,9.43443735713481,3,0.206078706333295,0
U00284,Aster Quest,Racing,normal,37.83152024223936,1,0.3879668337410775,0
U01184,Aster Quest,Simulation,normal,13.683483588630821,2,0.5907869057703418,0
U00526,Blade Run,RPG,expert,27.438943824504847,2,0.21682711386637896,0
U00693,Castle Farm,Simulation,beginner,39.08416194027001,5,0.21637960990201424,0
U00541,Castle Farm,Simulation,normal,36.54841329589567,2,0.12895818380460577,0
U01059,Drift Max,Racing,normal,14.031699864448518,4,0.4922469836205558,0
U01231,Castle Farm,RPG,expert,6.034773368854164,2,0.38289681768708483,1
U00805,Blade Run,Action,normal,25.93334426762583,1,0.044468033608864345,0
U01220,Blade Run,RPG,beginner,21.629604308055757,1,0.20870081773332233,1
U01212,Blade Run,Simulation,normal,18.229014401035627,1,0.5426070332321057,0
U00220,Blade Run,Racing,hard,13.56743307976933,1,0.5542984371274025,0
U00274,Aster Quest,Racing,hard,33.90599375593635,1,0.4668792126519454,0
U01341,Drift Max,Racing,beginner,44.79786508746561,1,0.7317240644221732,1
U00223,Castle Farm,RPG,hard,15.177061863383694,1,0.2197172909946037,0
U00121,Castle Farm,Racing,expert,32.949264097641326,1,0.24194290944485106,0
U01203,Drift Max,RPG,normal,23.284460413011274,2,0.6461950520791276,1
U01344,Drift Max,Racing,normal,5.917873009879661,3,0.5122304743194309,0
U00178,Castle Farm,Racing,expert,8.575867048729945,1,0.20119415687646072,0
U00682,Castle Farm,Racing,normal,19.910413810174074,2,0.424460938995236,1
U01347,Aster Quest,Racing,hard,26.09174240623674,2,0.43465411555015104,0
U00319,Blade Run,RPG,beginner,25.954832329427955,2,0.6044290459452456,0
U00675,Aster Quest,Simulation,hard,32.58029744932211,4,0.06446743278265257,0
U00933,Drift Max,Racing,beginner,24.357932359399562,6,0.2885835828181994,1
U01017,Castle Farm,RPG,hard,40.32153392588108,0,0.13151687046817007,0
U00605,Drift Max,Action,beginner,21.157125433605955,3,0.5744641514732982,0
U00301,Castle Farm,Racing,beginner,10.654033420997973,1,0.672476654645595,1
U00388,Castle Farm,Action,normal,7.002002063807994,0,0.8415030803689287,0
U00660,Aster Quest,RPG,normal,28.640523258822224,2,0.40098955507289025,0
U00157,Drift Max,RPG,hard,22.958898757585644,0,0.7390689583844897,1
U00987,Drift Max,Action,hard,16.118868434268133,4,0.6290512766596404,1
U00413,Drift Max,Racing,beginner,18.195156953417534,2,0.5965544397636775,0
U00498,Aster Quest,Simulation,normal,20.722315393572053,1,0.5027844701316809,0
U00252,Blade Run,Simulation,normal,10.796537701629038,1,0.4215024965144911,0
U00930,Blade Run,Simulation,expert,66.42005348670534,1,0.7164077582450219,0
U00823,Aster Quest,RPG,normal,20.483676881142358,1,0.23628803405037618,1
U01163,Drift Max,Racing,hard,13.540260509679786,2,0.5539810201657117,1
U01305,Castle Farm,Action,normal,25.19114313307422,4,0.20423091078603253,0
U01148,Aster Quest,Simulation,normal,7.951247024453453,1,0.11593721981508809,1
U00982,Drift Max,Racing,normal,23.525326579358413,1,0.4285618341207228,0
U00621,Castle Farm,RPG,hard,30.752075185211666,1,0.3823400152108088,1
U00517,Blade Run,Simulation,beginner,30.621346658724804,1,0.6821429784762125,0
U00376,Castle Farm,Action,normal,40.51544501024047,6,0.39808142828420356,0
U00787,Aster Quest,Action,beginner,37.90315307745517,1,0.3673165503997773,0
U00210,Blade Run,Racing,normal,37.53577379306221,3,0.19344547950663044,0
U01240,Drift Max,Simulation,beginner,18.119938405306538,2,0.618207225098222,0
U00765,Blade Run,Simulation,beginner,25.40834083525957,1,0.2724231693807298,0
U00224,Aster Quest,RPG,normal,20.652980219287286,2,0.478117774537332,0
U00261,Castle Farm,Racing,normal,7.857086035198588,1,0.6776591996250568,0
U00447,Drift Max,Simulation,normal,56.00857996285594,2,0.3167327837983574,0
U00209,Blade Run,Action,hard,45.42308257668044,0,0.7013218841836891,0
U00758,Blade Run,RPG,beginner,35.711406221998196,1,0.5192343881223128,0
U00014,Castle Farm,Simulation,normal,16.55587851480539,1,0.3180930256603502,0
U00769,Aster Quest,RPG,normal,16.675030884172408,0,0.5156775710325473,1
U00614,Blade Run,RPG,beginner,33.36931815168875,3,0.5976990381838752,1
U00959,Castle Farm,Action,beginner,35.16573354811035,3,0.19020160563116442,0
U00689,Drift Max,Racing,hard,19.083718798594298,1,0.5623155276472284,1
U00615,Blade Run,Racing,normal,16.760350549891463,1,0.4306763413092347,0
U00475,Castle Farm,Action,beginner,12.103060808756585,4,0.1484268801137786,0
U00141,Aster Quest,Action,normal,24.86270626729895,1,0.22845499389756482,0
U01023,Castle Farm,Action,beginner,26.554011262715434,0,0.11006005841921639,0
U00272,Blade Run,RPG,beginner,74.76058310090733,0,0.8533139946613397,0
U00550,Drift Max,RPG,normal,9.678248212813713,2,0.3525616279496691,1
U01313,Aster Quest,Racing,beginner,21.851508158798545,4,0.4058057912136935,0
U01232,Blade Run,Simulation,hard,21.06160747943965,2,0.5803722348052527,0
U00651,Castle Farm,Action,beginner,13.851891540328939,1,0.23109671926043326,0
U01289,Aster Quest,RPG,beginner,24.06414059969672,1,0.5077578455320584,0
U01346,Castle Farm,RPG,normal,14.40544101900726,2,0.3994357208563551,0
U00172,Blade Run,Racing,beginner,34.772660765365345,1,0.3338343689593726,0
U00903,Castle Farm,Action,beginner,19.843655930035155,1,0.38830453668247916,0
U00019,Aster Quest,Simulation,beginner,63.73740875238939,3,0.16051763968887164,0
U00828,Drift Max,Simulation,normal,35.556555052542166,1,0.4990811724511219,0
U00830,Castle Farm,RPG,expert,21.44183026152332,6,0.38990131347232326,0
U00145,Aster Quest,Action,hard,17.214515234210726,3,0.5288376119317009,0
U01127,Blade Run,Action,beginner,26.192230933014628,5,0.1453916860121496,1
U00054,Drift Max,Action,hard,11.974146323528648,1,0.34728355990744403,0
U00681,Castle Farm,RPG,beginner,21.030989669307317,1,0.8075353140149932,0
U01299,Castle Farm,Action,normal,24.413071450909353,2,0.809584287857559,0
U00479,Blade Run,Action,beginner,39.226804638577356,2,0.29163055840540264,1
U00584,Aster Quest,Simulation,normal,13.455176768767632,2,0.5200996915003142,0
U01356,Castle Farm,Simulation,beginner,29.292613645694313,2,0.4155442655255832,1
U00911,Blade Run,Racing,normal,47.78698054677517,2,0.32642020702304514,0
U00058,Drift Max,Action,beginner,19.349819929257293,1,0.27386401019572204,0
U00865,Drift Max,Simulation,normal,25.76616360099806,0,0.2740546561984247,0
U00875,Castle Farm,RPG,expert,6.122838633322307,1,0.6798206030712091,0
U00421,Aster Quest,RPG,beginner,30.912854649845013,3,0.4341703294270027,0
U00059,Drift Max,Action,normal,30.742450990055936,2,0.17460090621941662,1
U01190,Castle Farm,Racing,expert,21.92496812202933,1,0.38568851355039246,0
U00101,Drift Max,Action,normal,46.15062511336295,0,0.688639018948488,0
U00869,Blade Run,Racing,beginner,41.73806546397026,1,0.40232420299850963,0
U00170,Castle Farm,RPG,hard,29.856547849261705,1,0.5472851650707116,0
U00298,Castle Farm,RPG,normal,9.873616169624059,3,0.18745096214640247,0
U00540,Drift Max,Racing,normal,22.138006241398056,1,0.34835719218034294,0
U00759,Blade Run,Simulation,normal,6.215183055163288,3,0.625851065503498,1
U00037,Castle Farm,RPG,normal,10.653069687528689,0,0.49091122563646206,1
U01151,Blade Run,Racing,normal,20.496088752286663,1,0.31968879591730404,0
U01159,Castle Farm,Action,normal,24.04143223987037,2,0.39111718379124794,1
U00991,Castle Farm,Simulation,beginner,19.678937702337205,3,0.1262908065570365,1
U00862,Castle Farm,Action,normal,17.117320888993767,1,0.30551589082649033,0
U00852,Drift Max,Racing,normal,13.552461518521008,2,0.4337848878833991,0
U00995,Drift Max,Simulation,beginner,40.42390943547089,0,0.8678266769589928,1
U00750,Drift Max,RPG,beginner,6.155403065093808,1,0.6354774684527187,1
U00925,Aster Quest,RPG,normal,34.91436335720443,4,0.4218750323722127,0
U00551,Aster Quest,RPG,normal,16.73695458374116,0,0.1616602509608851,1
U00586,Aster Quest,RPG,normal,43.525198652947424,0,0.19476948310929354,1
U00072,Castle Farm,Simulation,normal,37.163739079919544,1,0.6092689679853586,1
U00738,Aster Quest,Action,beginner,13.813493341304884,1,0.4967001203441765,0
U01032,Blade Run,Action,normal,25.870248552502648,0,0.3228578634655181,0
U00066,Drift Max,Simulation,beginner,11.95212645495083,0,0.4238828575918708,1
U00637,Drift Max,Action,beginner,39.30365465400933,1,0.38277724232126253,0
U00046,Aster Quest,RPG,beginner,26.527186257896425,1,0.3206024137569932,1
U00120,Castle Farm,Racing,normal,33.34387641435613,2,0.15006778538187948,0
U00856,Drift Max,Racing,beginner,19.933282223536494,1,0.0226660554035741,0
U00446,Aster Quest,Action,beginner,4.839135710768685,3,0.38862956080311095,0
U01383,Blade Run,Racing,hard,25.11871283590053,0,0.8155817390361385,0
U01009,Aster Quest,Racing,normal,20.82221004085188,5,0.501792660195368,0
U00961,Castle Farm,Racing,normal,15.713234726074273,2,0.5178035122664559,0
U00774,Castle Farm,Racing,beginner,31.567113995343323,1,0.6625984841345809,0
U01089,Castle Farm,Simulation,hard,22.80226962860623,1,0.22315777593993316,1
U00474,Drift Max,Racing,hard,53.97587861301022,0,0.31139402323803694,0
U00561,Drift Max,Simulation,beginner,12.71796112989262,0,0.21533975635676633,0
U01282,Blade Run,Racing,beginner,39.43621779996286,2,0.2879652278935291,0
U00634,Castle Farm,Racing,normal,40.34460602361993,2,0.22206879827167345,0
U01146,Blade Run,Racing,normal,43.60344245964901,4,0.20557769032074039,0
U00949,Castle Farm,Simulation,normal,16.977580783626397,1,0.174295180545865,1
U00022,Drift Max,RPG,normal,56.99067053495951,4,0.5828264222105269,0
U00806,Castle Farm,Action,normal,9.757424544737141,2,0.3233832907903068,0
U00704,Drift Max,Simulation,normal,23.815005109393496,1,0.12604145100869035,0
U01022,Aster Quest,RPG,hard,14.63188648717248,3,0.1958608961676624,0
U00542,Castle Farm,Action,hard,6.516108116474376,3,0.3229399224629507,0
U00811,Drift Max,Action,hard,15.01178967636133,1,0.5800168907220865,0
U00114,Blade Run,Action,beginner,20.469968051325402,4,0.19976462693322253,1
U00279,Aster Quest,Simulation,normal,44.129202549516705,1,0.3837200302599443,0
U00094,Blade Run,Simulation,beginner,28.18843173066002,2,0.5428743484308481,0
U00521,Drift Max,Racing,normal,19.410476915270035,2,0.6996818192527142,0
U00263,Drift Max,Simulation,beginner,6.143406408199896,1,0.4225381530957941,1
U00632,Aster Quest,Racing,normal,24.058979643597507,1,0.16277305919165516,0
U01010,Drift Max,RPG,normal,20.11388060197939,1,0.19052190673594258,0
U00459,Blade Run,Simulation,normal,36.23185074810339,1,0.20937973481738884,0
U00414,Castle Farm,Racing,beginner,19.807965407573988,2,0.6950037375532304,0
U01079,Castle Farm,RPG,normal,44.81497491884848,0,0.17440726649885618,0
U00010,Blade Run,Action,normal,15.768980028365167,1,0.6236994612843129,0
U00590,Blade Run,RPG,beginner,11.672034397247177,2,0.15529065697958389,0
U01188,Aster Quest,Racing,beginner,38.31349992454595,1,0.7608479635133069,0
U00939,Blade Run,Simulation,beginner,16.029610512095946,3,0.4179792728879018,0
U01370,Blade Run,Simulation,beginner,17.869015710852803,1,0.2937395650106599,1
U01101,Blade Run,Action,beginner,13.195851385047593,3,0.31530668542431506,0
U01155,Drift Max,Action,hard,12.52767047457963,1,0.27053475811765915,1
U01312,Castle Farm,Racing,hard,23.37170434736609,1,0.09453507190596139,0
U00592,Castle Farm,Action,hard,65.89143796646482,0,0.4443066152862644,0
U00016,Aster Quest,Simulation,hard,15.549330955971856,3,0.1501143273528292,0
U00778,Drift Max,RPG,hard,30.96561983526272,0,0.6157314821519788,0
U00860,Blade Run,Simulation,beginner,53.20275378639118,2,0.604936716916205,0
U00185,Castle Farm,Action,normal,46.707539050980444,4,0.24964778938068194,0
U00329,Aster Quest,RPG,normal,71.90176118865418,0,0.2757622450372015,0
U01149,Castle Farm,RPG,beginner,13.291259208544652,0,0.6786841956780084,0
U00815,Castle Farm,Action,beginner,23.61659336605169,1,0.4866860638249367,0
U01377,Drift Max,Simulation,normal,19.664331052808773,1,0.28537208854711044,1
U00658,Castle Farm,Simulation,normal,41.61547874139889,0,0.3031529583679074,0
U00568,Drift Max,Racing,normal,19.102055550379866,1,0.6681073544413085,0
U00874,Castle Farm,Racing,expert,16.353598565057027,0,0.286676454908279,1
U01000,Drift Max,Action,beginner,30.67499750637019,3,0.11826501592412202,0
U00260,Castle Farm,Simulation,hard,38.09258116483871,2,0.3512371024284279,1
U00849,Blade Run,RPG,normal,23.955600634294157,2,0.42325882813145177,0
U01026,Aster Quest,Simulation,hard,51.65502455061026,2,0.6140194209436863,1
U00453,Aster Quest,Action,normal,7.910599583778609,2,0.278879336772078,0
U00032,Blade Run,Action,beginner,27.235814116702194,1,0.07442267392581307,0
U01307,Drift Max,Simulation,beginner,22.572095197484984,0,0.5300222798258256,0
U00410,Blade Run,Racing,normal,25.68893828901328,4,0.30388365310941307,0
U00969,Blade Run,Racing,hard,36.65791836056834,2,0.10774052290526363,0
U01143,Drift Max,RPG,normal,25.771165210596983,1,0.22538787560752083,0
U00098,Aster Quest,Racing,normal,49.72058973426672,1,0.41923137455876053,0
U00619,Blade Run,Racing,normal,18.275220344819463,0,0.540794290857738,0
U01145,Castle Farm,Simulation,beginner,30.658466235681505,1,0.5921543568531956,0
U00908,Aster Quest,RPG,beginner,12.200953492292065,1,0.31345522503441386,0
U01311,Aster Quest,Action,normal,31.58719685700766,1,0.18209373658414713,0
U00837,Aster Quest,Action,normal,16.927615150331413,3,0.7157354061643769,0
U01134,Drift Max,RPG,beginner,27.085077203378525,2,0.5328924950109727,0
U01036,Aster Quest,Action,beginner,16.971845177327975,3,0.44347098155271486,0
U00873,Castle Farm,Racing,normal,66.00206407436099,0,0.7711501831391862,0
U01269,Aster Quest,Action,expert,46.65200094640442,1,0.5000159898829765,1
U00489,Aster Quest,Simulation,beginner,54.995510176550276,4,0.3849190755049333,0
U00529,Drift Max,Simulation,beginner,13.909953251718,1,0.4899974329048985,1
U00906,Aster Quest,Action,beginner,20.167901184289526,3,0.41432734487761863,0
U00825,Castle Farm,Action,expert,7.368103502221251,0,0.47725996303345297,0
U00004,Castle Farm,Action,beginner,65.98693848937674,3,0.6388521665246158,0
U00947,Blade Run,RPG,beginner,37.264133262649516,1,0.4686640329607349,1
U00537,Aster Quest,RPG,normal,26.62344912313382,2,0.2811748684326668,0
U00960,Castle Farm,RPG,normal,26.92957977806402,2,0.28760730689261754,0
U01056,Drift Max,Simulation,beginner,41.45531726172958,1,0.671516468639446,1
U00792,Aster Quest,Simulation,beginner,16.55720408406227,1,0.13126751000544748,0
U01170,Castle Farm,Racing,expert,12.484296334401895,2,0.4970353317149066,0
U00163,Castle Farm,Simulation,normal,11.409774899076988,2,0.30965573028408594,1
U01164,Drift Max,Racing,beginner,22.761100074000037,3,0.22480538203040293,0
U00810,Aster Quest,RPG,normal,28.472106729798288,1,0.6486982726353191,1
U00060,Drift Max,Racing,expert,16.790580643001185,2,0.4870826518125361,0
U00036,Aster Quest,Action,hard,39.22127420149177,4,0.5988733948603817,0
U00620,Castle Farm,Racing,beginner,29.029565601659232,1,0.15262134703581035,0
U00356,Drift Max,Action,expert,5.243891429686398,2,0.2879450347584956,0
U01015,Drift Max,Action,expert,28.655725753079523,1,0.8595497992722314,0
U00576,Aster Quest,RPG,normal,28.21859979036078,6,0.21198297020586968,1
U01272,Drift Max,Simulation,normal,62.642930021256106,3,0.43319560116711625,0
U00367,Aster Quest,Simulation,normal,49.95460322203131,2,0.43469474770867206,0
U01328,Aster Quest,Simulation,beginner,9.335792629788417,2,0.35484619737980516,1
U01038,Aster Quest,Racing,beginner,10.21489589999202,2,0.49458395956439544,1
U00718,Castle Farm,Action,beginner,37.903688164385265,3,0.31564745363768304,0
U00950,Blade Run,RPG,normal,6.461133942174342,3,0.7838285089339728,1
U00744,Blade Run,Simulation,normal,18.01649394471414,1,0.7108958591938652,0
U00886,Drift Max,Action,beginner,19.923379879993814,0,0.3930090088771277,1
U00625,Blade Run,Racing,beginner,49.61489183255186,2,0.02039237956233514,0
U01233,Blade Run,Action,normal,8.270640539080992,2,0.482632627629678,0
U00146,Blade Run,Simulation,hard,79.52542335619609,2,0.11867053794280817,0
U00034,Drift Max,RPG,normal,26.504036993540744,1,0.35518315691782426,0
U01295,Drift Max,Simulation,beginner,7.0531602103235365,0,0.11206762168720638,0
U00909,Blade Run,RPG,beginner,8.834699405122254,0,0.2978114376927155,0
U00701,Blade Run,Racing,beginner,50.892823303108145,3,0.3081100091911802,0
U00162,Castle Farm,RPG,hard,27.32408518975655,1,0.39494198909413464,0
U01286,Blade Run,Action,normal,10.891866957554516,2,0.3418084666268425,0
U00150,Aster Quest,RPG,normal,38.760987867654165,4,0.10352993246125132,0
U00417,Blade Run,Simulation,normal,27.27397636771714,1,0.6781970643097267,0
U00672,Aster Quest,Simulation,hard,23.014678190642087,2,0.4576706762919158,0
U00025,Castle Farm,Racing,hard,7.2532955127738665,1,0.6775886800624219,0
U00539,Blade Run,Action,hard,25.45946597441655,1,0.5743641253284356,1
U01120,Castle Farm,Simulation,hard,8.166396058688978,0,0.42582618486417567,1
U01334,Castle Farm,Racing,beginner,41.91771733388502,0,0.674497320525235,0
U00770,Drift Max,Simulation,hard,7.307255929689683,0,0.8105651211392079,1
U00362,Castle Farm,Simulation,beginner,49.05219774066193,0,0.2641345524886503,0
U00667,Castle Farm,Simulation,normal,33.66929433589422,0,0.2023785838972733,0
U00052,Castle Farm,Racing,normal,43.160665452457664,1,0.8778103990568034,1
U00713,Blade Run,Racing,hard,31.844237017103104,0,0.3776539571985414,1
U00452,Castle Farm,Action,hard,26.29152484536752,1,0.23517097669199039,0
U00285,Blade Run,Simulation,beginner,25.404527813370823,1,0.2903002535516254,1
U00044,Blade Run,Action,normal,29.558138414888706,0,0.4968713503735869,0
U01351,Aster Quest,Action,normal,10.761352678012699,3,0.6109165355045344,1
U00527,Castle Farm,Action,normal,36.12814564725923,0,0.17914519241339363,1
U00408,Aster Quest,Racing,beginner,39.70415172592406,2,0.1300764346813311,0
U00092,Blade Run,Simulation,normal,40.53954243422538,1,0.42049611260458747,0
U00791,Blade Run,RPG,beginner,26.70686962258711,2,0.5456892964303025,0
U00299,Blade Run,Action,beginner,4.993262089340768,0,0.24553574684220794,1
U00360,Drift Max,Action,expert,24.837491279985652,0,0.5454866148681184,1
U01221,Aster Quest,Action,beginner,44.88626612321821,1,0.4932456289616238,0
U00420,Castle Farm,Racing,normal,34.36493151291921,0,0.5805120272989721,0
U00076,Aster Quest,Racing,beginner,15.490742465195364,2,0.34586099440018414,0
U01014,Castle Farm,Racing,hard,12.93282613940788,3,0.2518384726657111,0
U00988,Blade Run,Racing,normal,50.125686345929786,2,0.1519997966379175,0
U01191,Drift Max,Racing,hard,34.97634868578413,1,0.6746095466002298,0
U00893,Drift Max,Simulation,normal,23.099070557915653,1,0.35603296490221004,0
U01021,Castle Farm,Action,beginner,3.187319856590679,2,0.32700333541215715,1
U00305,Blade Run,Action,hard,38.01731412114468,2,0.6729526918904634,0
U00780,Drift Max,RPG,normal,12.329972714381336,2,0.24977225503900652,0
U00189,Drift Max,Action,expert,24.64290661794715,1,0.4127479728853092,0
U00478,Blade Run,Simulation,beginner,9.35468817658882,2,0.22035665457670323,0
U00556,Aster Quest,Action,beginner,18.891790245246312,2,0.648038986873929,0
U00938,Aster Quest,Action,beginner,8.92756532188585,1,0.5942505615218849,0
U00983,Castle Farm,RPG,normal,4.022704010730408,2,0.4399851670988378,0
U00461,Drift Max,RPG,normal,9.011645750381987,2,0.3481223150459995,1
U01003,Drift Max,Simulation,hard,20.063871047343348,2,0.21047867825320768,0
U00657,Blade Run,Simulation,hard,34.42216224468416,2,0.5935397784137622,0
U00611,Aster Quest,Racing,beginner,21.049413916875206,2,0.2298660207923237,0
U00703,Drift Max,Simulation,normal,68.79791132908522,4,0.5706920971258144,0
U01084,Drift Max,Simulation,normal,43.58351134884905,2,0.3161072675752338,0
U00598,Castle Farm,Action,beginner,27.440640949241434,3,0.8475374528166115,0
U00079,Drift Max,Racing,normal,69.86471494426485,2,0.32766395606458326,0
U01309,Drift Max,Action,normal,40.670010549131305,2,0.13438484291242855,0
U00922,Drift Max,Racing,normal,75.107091784759,0,0.4386929237398167,0
U00481,Blade Run,Simulation,hard,32.028529609565254,2,0.2603613889421069,1
U00174,Blade Run,Simulation,hard,28.826933916370873,1,0.07174102637797286,0
U00936,Aster Quest,Action,hard,15.695348421684491,2,0.4946968242244471,0
U01057,Castle Farm,Simulation,hard,20.698926792586015,3,0.4799792755721954,1
U00333,Blade Run,Action,hard,18.999634953411363,2,0.4181844267315142,0
U00516,Drift Max,RPG,normal,32.54726899257125,0,0.3498556224246435,0
U00483,Castle Farm,Racing,beginner,38.51345917010331,2,0.44049753580420126,1
U00679,Blade Run,RPG,normal,34.68311772899959,4,0.324063507284869,0
U00215,Aster Quest,Action,hard,27.825584147163987,0,0.06341565992487322,1
U01238,Blade Run,Action,beginner,22.870609728443913,1,0.22468299518955878,1
U01025,Blade Run,Racing,normal,18.607706916452603,3,0.11695003628706514,0
U00970,Castle Farm,Action,normal,29.745238531023908,1,0.5982688232828454,1
U01112,Castle Farm,Action,hard,20.407735260047968,0,0.2401585864995758,0
U00753,Castle Farm,Simulation,normal,4.442267678883551,0,0.3546685369025891,1
U00968,Aster Quest,Simulation,normal,64.76367882334041,2,0.34822955792974186,0
U00165,Blade Run,RPG,hard,10.41547239780701,1,0.48556912335040286,1
U00132,Blade Run,Racing,expert,21.361402918864343,3,0.5255189344894243,0
U00096,Drift Max,Racing,beginner,39.290082947858664,0,0.7187880058701749,0
U00847,Drift Max,Action,normal,71.65796405275034,2,0.3945830314629225,1
U00677,Aster Quest,Simulation,beginner,24.267527473324876,0,0.1801141933630641,0
U00563,Aster Quest,Action,beginner,41.78869926924338,0,0.30194325927183047,0
U01329,Castle Farm,Racing,normal,62.90907333428064,2,0.8247737913580494,0
U00433,Drift Max,Racing,hard,50.46204445588318,3,0.4590949072507304,0
U01336,Castle Farm,Racing,hard,11.3344927477232,2,0.6108475356159345,0
U00288,Aster Quest,RPG,hard,24.40722223637101,1,0.16781432477941727,0
U01135,Blade Run,RPG,beginner,34.715614519330266,1,0.5781080873779111,0
U00661,Blade Run,Simulation,hard,40.89088773348216,2,0.49533093912511283,0
U01261,Drift Max,RPG,normal,38.828598169117754,3,0.44307781905721,0
U00086,Castle Farm,Simulation,normal,50.05088967698373,2,0.3423927882971193,0
U00441,Drift Max,Action,beginner,22.50892343409616,3,0.4738249937829172,0
U00268,Castle Farm,RPG,normal,21.885589199126144,2,0.21485163542695906,0
U01285,Blade Run,RPG,hard,25.916378865673263,1,0.5506294962267632,0
U00684,Castle Farm,Action,beginner,12.867084892828869,0,0.49874161101215164,1
U00859,Castle Farm,Simulation,normal,17.000827083190444,2,0.4795872648503396,0
U00749,Blade Run,RPG,hard,18.827061545849006,0,0.2022047730381501,1
U00135,Castle Farm,RPG,normal,34.0444920695273,1,0.5466856853430574,0
U01376,Aster Quest,Simulation,hard,12.005598118113808,0,0.1335095067168982,0
U00095,Blade Run,Action,beginner,42.594721292233366,3,0.46172597177446906,0
U00776,Castle Farm,RPG,normal,17.057643354801982,3,0.8337923976381375,0
U00600,Drift Max,Simulation,normal,38.89783446424761,1,0.28327843602210023,0
U00040,Aster Quest,RPG,normal,44.77274993487081,5,0.42763063526982187,0
U01158,Castle Farm,RPG,normal,23.639025727590333,1,0.3964385111366772,0
U00401,Blade Run,Racing,normal,17.678564466719568,2,0.5461649620324445,1
U00480,Aster Quest,RPG,normal,55.1417985266389,1,0.6221315064899405,0
U01385,Blade Run,Racing,normal,23.16711680278188,2,0.5504093348127053,1
U00570,Drift Max,RPG,normal,34.665164340329554,1,0.7162459610234525,0
U01194,Blade Run,Racing,normal,29.644315673043984,2,0.25995088646263664,0
U00431,Aster Quest,Action,beginner,14.790753601540493,1,0.2902214045184818,1
U00382,Aster Quest,Action,hard,39.01988418258099,3,0.44211596375067524,0
U00443,Drift Max,Racing,beginner,23.272804263259907,0,0.8345706142241313,0
U01168,Aster Quest,Action,hard,16.677631497126033,1,0.4636291341800244,1
U00109,Castle Farm,Racing,normal,14.693685425604444,0,0.21980891205062753,0
U00233,Castle Farm,Racing,normal,7.683111602093554,0,0.7513526331069212,0
U01139,Blade Run,Simulation,beginner,21.484598262909,0,0.7102968704452098,0
U00979,Blade Run,RPG,beginner,31.186687970401117,4,0.21747605980499451,0
U01235,Aster Quest,Action,normal,33.12398654937768,2,0.7593695798426288,0
U00425,Aster Quest,RPG,beginner,13.030175918171478,3,0.06554746158815408,0
U01316,Blade Run,Racing,hard,28.22343800812242,1,0.4496550593784601,0
U00371,Blade Run,RPG,hard,24.950205171779185,1,0.15932955715479616,0
U01249,Blade Run,RPG,normal,31.372213516330564,4,0.6634457207118679,1
U00768,Blade Run,RPG,hard,49.77277263906995,2,0.5132812745557069,0
U00866,Aster Quest,Action,beginner,50.37011773718372,2,0.7036771270863671,0
U00740,Castle Farm,Action,beginner,58.2446993427354,2,0.09871521454064315,0
U01051,Drift Max,Racing,beginner,26.19390273297234,0,0.31912343018833017,1
U00239,Castle Farm,Simulation,normal,38.16225479153209,2,0.43942910876544566,0
U01241,Aster Quest,RPG,beginner,27.350732134644073,3,0.5195044939208582,1
U00140,Blade Run,RPG,normal,32.75757803515736,5,0.44224556688463584,0
U00065,Drift Max,Simulation,beginner,28.248822106654014,0,0.1100324065521721,0
U00752,Blade Run,Racing,beginner,17.413295183205236,1,0.22855832913398094,0
U01244,Blade Run,Simulation,beginner,7.771332791009366,1,0.5078196223792893,0
U00049,Blade Run,Racing,beginner,20.547675858651413,4,0.2201907511798038,1
U00952,Aster Quest,Simulation,hard,21.103221686583993,0,0.6707255832512271,1
U00497,Aster Quest,Simulation,beginner,31.826707268336786,1,0.6281350700122271,0
U01082,Aster Quest,Simulation,normal,48.65422529145776,1,0.7033788244652873,0
U01037,Drift Max,RPG,normal,9.925658367793492,2,0.5864035608473124,0
U01115,Drift Max,Simulation,normal,32.54399492418971,2,0.407114273709431,0
U00485,Aster Quest,Simulation,hard,14.497332895540062,4,0.383752847740752,0
U01398,Castle Farm,Action,expert,64.76990588465355,1,0.5933240561803245,0
U01104,Castle Farm,RPG,beginner,25.536323024964084,3,0.2166086740720095,0
U01215,Castle Farm,Simulation,expert,7.105005954579102,4,0.3547815972869194,1
U01029,Castle Farm,Action,hard,24.489366559104532,3,0.12678740551881193,0
U00981,Castle Farm,Racing,hard,37.50901562573817,0,0.4304075304647443,0
U00125,Drift Max,RPG,beginner,23.22432269747883,0,0.6091226543414475,0
U00854,Drift Max,Racing,normal,24.706128804755934,1,0.3710220870031516,0
U00246,Aster Quest,RPG,normal,16.21287372540353,0,0.5405160653725122,0
U00604,Aster Quest,Action,normal,50.91303181471647,0,0.1437917478329356,0
U00872,Drift Max,RPG,normal,25.17901354469975,4,0.2618938197479971,0
U01340,Castle Farm,Action,normal,56.889739750936776,3,0.37504632248715114,0
U00234,Drift Max,Action,beginner,30.132225116489913,2,0.6901668732704562,0
U01322,Drift Max,RPG,hard,32.13460344529433,3,0.26455281143740733,0
U01201,Aster Quest,Racing,normal,33.636094420973315,4,0.5342653858274687,1
U00962,Drift Max,Racing,hard,21.554484266293265,1,0.4612505335957964,0
U00063,Blade Run,RPG,normal,35.08882366244616,2,0.49364091344926003,0
U00358,Castle Farm,Racing,normal,15.01826144626264,3,0.3976702193720151,0
U00237,Blade Run,Action,normal,18.646642514378186,3,0.5437588372898989,0
U00775,Blade Run,Simulation,normal,4.22503122460156,3,0.21922599588472613,0
U00392,Blade Run,Racing,normal,8.843842463665043,2,0.11106259926274961,0
U00601,Blade Run,Simulation,beginner,12.153822985953818,2,0.3166587858890806,0
U00445,Aster Quest,RPG,beginner,37.16543331135225,3,0.5983703173439889,0
U00549,Aster Quest,RPG,normal,33.51086078805537,1,0.5061247932266025,0
U00169,Blade Run,RPG,normal,22.590512098289274,4,0.5726082230603586,1
U00226,Drift Max,RPG,beginner,33.253943563176406,0,0.33128323492346706,1
U00430,Castle Farm,RPG,hard,22.930929334287967,2,0.02637464863217256,0
U01257,Drift Max,RPG,beginner,34.07220411060548,2,0.28226462636179694,0
U01154,Aster Quest,RPG,hard,39.52778327172109,1,0.5572704296534823,1
U00867,Castle Farm,Action,beginner,33.03248877220167,0,0.5252644668659437,0
U00081,Blade Run,Simulation,beginner,31.24973740897415,1,0.4278249440507791,0
U01119,Castle Farm,RPG,beginner,22.95195809402348,0,0.5608454350795692,0
U00855,Drift Max,Racing,beginner,62.080105896026566,3,0.20718566365156,1
U00993,Blade Run,Racing,beginner,24.287274721367524,1,0.6779098517573154,1
U01273,Blade Run,RPG,expert,32.60780012539875,0,0.4614075135423629,0
U01291,Blade Run,Simulation,hard,45.69230001447562,2,0.6744476037966499,0
U00310,Aster Quest,RPG,normal,30.60384906555014,2,0.21223426987529076,1
U00767,Drift Max,Action,normal,44.15982947101853,3,0.12895690004404564,1
U00160,Blade Run,RPG,beginner,90.0867199152282,2,0.2030919889273027,0
U00578,Blade Run,RPG,beginner,19.573660705883622,0,0.358632518357603,1
U00426,Blade Run,RPG,normal,38.82007009176062,4,0.6110346017383049,0
U00326,Blade Run,Simulation,beginner,15.651071636742344,2,0.27162703600958465,1
U00520,Castle Farm,Simulation,beginner,15.28283374741254,1,0.46810866107311944,0
U00940,Blade Run,Simulation,normal,11.30153304160601,1,0.3620114707721244,0
U00270,Castle Farm,RPG,beginner,20.949053063683895,0,0.5910316236542045,0
U01265,Aster Quest,Racing,beginner,31.403762116599065,2,0.0892603555744638,0
U00554,Castle Farm,Action,expert,19.61891060746669,1,0.19263967098718868,0
U00671,Castle Farm,Racing,beginner,23.616628324771593,0,0.5212438317118975,0
U00383,Drift Max,Simulation,beginner,40.573711210295215,0,0.4050839502355636,0
U00029,Blade Run,RPG,beginner,33.6782986854171,2,0.4937947004934633,0
U00424,Aster Quest,RPG,beginner,45.291535304891994,2,0.15015972246852866,1
U00361,Aster Quest,RPG,normal,29.938845219294112,2,0.5015934645601695,0
U00503,Aster Quest,Simulation,beginner,5.8209275629078645,5,0.6773207657518057,0
U00552,Blade Run,Action,beginner,33.027213647019536,1,0.09185917538912654,0
U00238,Castle Farm,RPG,hard,14.188682132932778,1,0.2678333152629414,0
U01030,Drift Max,Racing,normal,20.529877718705645,0,0.5204588299876091,0
U00440,Drift Max,RPG,beginner,33.80298127177443,2,0.7446635258827853,1
U00699,Castle Farm,Racing,beginner,15.283197144942024,1,0.24183992111634797,1
U00149,Castle Farm,Simulation,hard,40.37296465918301,0,0.4776504702941432,0
U01314,Aster Quest,RPG,hard,35.558813399250404,0,0.6846089940972379,0
U01156,Drift Max,RPG,normal,10.778521407326167,0,0.1835603857061183,1
U00986,Blade Run,Action,normal,33.816508583999,1,0.06642681352636327,0
U01046,Aster Quest,RPG,normal,66.5535537968986,2,0.4137447948504763,0
U00318,Aster Quest,Action,normal,83.81676258288007,0,0.7295133799720311,0
U00396,Castle Farm,RPG,normal,46.26794417830048,3,0.16273027383412822,0
U01186,Drift Max,RPG,hard,55.74032630761167,0,0.22840213452170205,0
U00564,Blade Run,Racing,beginner,63.01799403026028,2,0.23182763572674076,0
U00582,Drift Max,RPG,beginner,5.709657249858308,1,0.2252518978722295,1
U00624,Castle Farm,RPG,normal,23.97631058044981,1,0.422068662284283,0
U00686,Aster Quest,Racing,hard,16.915024161991912,0,0.1984093120820691,0
U01128,Aster Quest,Racing,normal,29.8691100087249,2,0.15106017245710282,1
U01174,Drift Max,RPG,normal,86.67377280042595,4,0.47513031918917475,0
U00349,Drift Max,Simulation,beginner,22.799540175075137,0,0.2678543612955189,1
U00716,Blade Run,Racing,expert,6.402127104597663,4,0.5158298593124824,0
U00496,Drift Max,Simulation,beginner,26.216168346065565,3,0.29227104391491526,1
U00813,Drift Max,Racing,hard,24.326886151036927,0,0.48480466653351956,0
U00295,Aster Quest,RPG,beginner,37.537131466563565,1,0.3093339671175016,0
U00613,Drift Max,Simulation,beginner,64.43013840528322,1,0.024978730617660806,0
U01178,Drift Max,RPG,beginner,29.00974367864509,2,0.09881858687167983,1
U00926,Aster Quest,Action,normal,33.16297584541822,2,0.3883559127055094,0
U01185,Aster Quest,Racing,hard,43.30055367312407,1,0.24108470159206372,0
U00944,Blade Run,Simulation,beginner,34.65652182191281,1,0.5590147182080163,0
U01039,Aster Quest,Simulation,beginner,35.75690592774287,2,0.8262363015463241,0
U01352,Blade Run,Action,beginner,33.224489015688405,0,0.3263075137589845,0
U01323,Drift Max,Action,expert,24.634916139320765,1,0.43949075418754024,1
U00808,Castle Farm,Simulation,expert,49.01630763047216,1,0.7597947408038266,0
U00126,Aster Quest,RPG,beginner,12.580131920719527,2,0.34775778009491504,1
U00107,Drift Max,Racing,hard,9.73640163281651,1,0.15724131159805704,1
U00451,Drift Max,Action,beginner,41.05408371904002,1,0.13271949639039796,0
U00492,Aster Quest,Simulation,hard,20.039040307897686,0,0.485962518723724,1
U01224,Castle Farm,Simulation,expert,28.12077951553242,2,0.2693668194333496,0
U00045,Castle Farm,RPG,beginner,16.482315589630968,1,0.7599785809622698,0
U00567,Drift Max,Racing,hard,10.938513656189084,0,0.28927114306791907,0
U00297,Castle Farm,RPG,expert,13.778403458747444,0,0.5640703835737187,0
U00884,Blade Run,Action,normal,4.071380669646748,0,0.7645562414458164,1
U00887,Blade Run,Simulation,beginner,31.61945555526018,0,0.6446733967260382,1
U00400,Aster Quest,Racing,normal,48.544563406815875,3,0.4465836409917028,0
U00102,Drift Max,Simulation,beginner,17.626733711730896,1,0.7059544369584472,0
U00487,Drift Max,Simulation,normal,6.814424580320355,2,0.38353197088189034,0
U00247,Drift Max,Racing,beginner,37.56593897776585,1,0.3487810704117936,0
U01122,Drift Max,Racing,beginner,43.27037712029012,1,0.22197789440543064,0
U01131,Aster Quest,Simulation,normal,36.84260195930365,1,0.5070378393298431,0
U01364,Castle Farm,Simulation,normal,18.721419064172707,1,0.5329894804259826,1
U00482,Drift Max,Racing,beginner,26.405340183499664,3,0.05109018572728546,0
U00064,Blade Run,Action,beginner,52.07385189210719,0,0.5177460316830861,0
U00423,Blade Run,Racing,beginner,36.90598580801964,1,0.314292937083427,0
U00499,Drift Max,RPG,normal,30.120168315547346,5,0.25991993558283877,0
U00715,Blade Run,RPG,normal,27.695676567717264,0,0.4869532130314663,0
U00533,Blade Run,Racing,hard,32.6350912064918,3,0.43956026851625907,0
U00735,Castle Farm,RPG,beginner,5.91316553829376,2,0.22580823459098728,1
U00687,Castle Farm,RPG,normal,7.229616214409512,2,0.4982707601441681,0
U00308,Castle Farm,RPG,beginner,16.585297377419813,1,0.35582150458714495,1
U00403,Blade Run,RPG,beginner,18.788685708805843,1,0.19295095841633733,0
U01054,Aster Quest,Action,normal,28.028760239833538,2,0.49915060626443525,0
U00639,Blade Run,Action,normal,50.12595747277158,0,0.12282341054548726,0
U00976,Castle Farm,RPG,beginner,32.82534929340908,1,0.6407670819654823,1
U00144,Castle Farm,Simulation,hard,19.34685315950702,2,0.5973061594100213,1
U00751,Blade Run,Racing,beginner,13.122061011275298,1,0.35944985800243984,1
U00068,Aster Quest,Simulation,expert,37.69835485727364,2,0.3895276776885954,0
U01259,Aster Quest,RPG,normal,23.00333534291388,1,0.2886439528659079,0
U00103,Blade Run,Action,hard,1.888470954648956,0,0.8730916431302311,0
U00017,Drift Max,Action,beginner,28.738339048918952,3,0.7264520986698675,0
U00606,Castle Farm,Racing,beginner,12.806757174843748,0,0.6599722521773409,1
U00113,Castle Farm,RPG,hard,14.103302109706146,1,0.37607604250165266,0
U00259,Blade Run,Simulation,normal,24.127899785122796,1,0.6218024361148861,0
U00105,Blade Run,Simulation,normal,23.593726924523477,2,0.051101902324327,0
U00187,Drift Max,Action,normal,68.91482945765983,1,0.5812495280110551,0
U00069,Drift Max,Racing,normal,29.130439494065048,2,0.4566263131730062,1
U00357,Drift Max,RPG,beginner,9.56741166086923,1,0.45394598200028186,1
U00084,Drift Max,Racing,beginner,18.48736754904492,3,0.15861148764527172,0
U00997,Drift Max,RPG,normal,18.80679121009245,1,0.4816247287449039,0
U00023,Blade Run,RPG,beginner,10.845433051064196,1,0.21688898859229208,0
U00572,Blade Run,Racing,normal,54.81897768093175,1,0.23822155776728235,0
U00683,Castle Farm,RPG,beginner,11.14160121178327,0,0.47578816413073916,0
U00338,Drift Max,Action,expert,43.83552683392329,1,0.6050125029232045,0
U00292,Blade Run,RPG,hard,29.18841577370057,1,0.5604781332703076,0
U01297,Blade Run,Action,hard,24.253740242699518,2,0.39753134618488967,0
U01306,Aster Quest,RPG,expert,9.406917767441811,1,0.5275420679445368,0
U00379,Blade Run,Simulation,expert,63.3120628458909,5,0.8505768783906216,0
U00454,Aster Quest,Racing,normal,23.581107685923037,3,0.10652630102985192,0
U01183,Drift Max,Action,normal,26.68490352920337,1,0.7753475150185033,0
U00455,Blade Run,Racing,beginner,60.20947962458798,1,0.5508547999519747,0
U00490,Aster Quest,Action,hard,10.65520971877347,1,0.5805193605008984,1
U00073,Castle Farm,Racing,expert,29.265040369919323,3,0.40024850388502126,1
U00406,Blade Run,Simulation,beginner,41.100674099650675,3,0.23759033206843141,0
U00313,Aster Quest,RPG,beginner,24.11751090398799,3,0.2753031682222782,0
U01187,Drift Max,Simulation,normal,20.83928001279913,4,0.1711331445041213,0
U00244,Aster Quest,RPG,beginner,24.90932955202981,3,0.194933073723832,0
U00802,Drift Max,Racing,normal,34.10077482405795,1,0.6879148702948352,1
U00631,Blade Run,RPG,beginner,14.935799118216336,3,0.5666966404588802,0
U00117,Castle Farm,RPG,normal,10.81443004741402,3,0.630047207585721,1
U01157,Drift Max,Simulation,normal,20.978850806161663,0,0.6815726120845952,0
U01171,Castle Farm,Simulation,beginner,19.87633470028208,3,0.5319873553116713,0
U00829,Castle Farm,Simulation,expert,25.97885788358012,1,0.4875153998969856,0
U00630,Castle Farm,RPG,beginner,13.849799975334994,1,0.49465901266989143,1
U00834,Drift Max,RPG,normal,17.875593471891708,1,0.5364897785421353,0
U00374,Blade Run,Action,normal,7.7522897989431785,2,0.6681635969452429,1
U01197,Drift Max,RPG,normal,22.338034342267598,2,0.4898811344644783,0
U00609,Blade Run,Simulation,hard,39.288633609085636,3,0.34787276515234844,0
U00712,Castle Farm,Racing,normal,28.829854817675365,2,0.665996787953009,1
U01048,Blade Run,RPG,normal,29.73838611645787,1,0.19289874657743694,0
U01097,Blade Run,RPG,beginner,18.209194706792612,3,0.8779450224820097,1
U00100,Blade Run,Action,beginner,27.283921095684214,1,0.6820854891021436,0
U00514,Drift Max,Action,expert,28.17944128728732,2,0.21064765880194866,0
U01066,Castle Farm,Action,hard,39.81499877788932,1,0.30633500557287696,0
U01035,Aster Quest,RPG,beginner,12.905537317654648,1,0.675104659669585,0
U00818,Blade Run,RPG,hard,24.73290585609143,0,0.043012359487322877,1
U00557,Blade Run,Action,hard,21.657028935579515,2,0.5643994334194409,0
U00236,Drift Max,Simulation,beginner,18.234873639962156,1,0.3501579409051978,0
U00648,Castle Farm,Action,beginner,51.62215687367517,2,0.432212906055222,0
U01206,Drift Max,Action,beginner,5.346038984853391,1,0.2652128805828895,0
U00007,Aster Quest,RPG,beginner,22.26546573034113,1,0.1653493447274888,0
U00974,Drift Max,Action,hard,13.676340007377329,2,0.5881949236031246,0
U00511,Castle Farm,Racing,hard,20.00987486820029,1,0.492232735050065,0
U00928,Castle Farm,Simulation,hard,11.367940025531441,1,0.1674797217950031,0
U01013,Aster Quest,RPG,normal,45.49696718707186,5,0.5705154813883465,0
U01063,Drift Max,RPG,beginner,10.670039057038498,1,0.5705388577640903,1
U00153,Castle Farm,RPG,normal,16.588361195085202,0,0.08968031070659076,1
U00196,Drift Max,Racing,beginner,10.387300966305231,0,0.6647008927244946,0
U00978,Drift Max,Action,normal,10.15838123335807,0,0.5282655755212898,1
U00623,Castle Farm,Simulation,hard,45.89371078240079,2,0.21343546844432265,0
U00531,Castle Farm,Racing,beginner,45.12169770397697,3,0.13821972720916384,1
U00262,Drift Max,RPG,normal,43.20849958500674,0,0.3169616606824035,0
U00381,Aster Quest,Racing,hard,57.18507225501031,1,0.15008373183127305,0
U00123,Castle Farm,Racing,normal,19.78952341793141,1,0.6419237088227788,0
U00581,Blade Run,Racing,hard,25.07536145059439,1,0.885852328035563,0
U00733,Castle Farm,Racing,normal,14.18264932187586,2,0.5005244345046986,0
U00912,Aster Quest,Racing,hard,13.474248356065113,1,0.8144953593127928,0
U00143,Aster Quest,Racing,normal,27.379401713281737,0,0.07488075920408169,1
U01105,Blade Run,Simulation,hard,16.46828291618315,1,0.1252469773316823,1
U01138,Blade Run,Simulation,normal,27.360397999932005,0,0.2699483795755852,1
U00992,Castle Farm,Action,normal,16.358028517204176,2,0.22948861085647718,0
U00277,Blade Run,RPG,beginner,6.504711381623553,2,0.8008591053730645,0
U00289,Aster Quest,Action,normal,34.648217802440605,1,0.11019895506040644,0
U00409,Castle Farm,Action,beginner,24.950311950963382,3,0.7089688598647157,0
U01167,Drift Max,RPG,hard,18.051428387695484,1,0.29993411759801225,1
U00603,Blade Run,Simulation,hard,7.557567127024937,0,0.1708864413645077,0
U01256,Blade Run,RPG,beginner,34.73400606361801,1,0.445765562442053,0
U00932,Castle Farm,RPG,expert,27.672069478610013,2,0.18207700011889205,0
U00720,Castle Farm,RPG,normal,27.142225468787828,1,0.2963103630942002,0
U00772,Castle Farm,Action,beginner,15.857194098765644,2,0.19267288738566876,0
U00386,Aster Quest,Action,beginner,26.961427811949548,2,0.3029631923659749,0
U00881,Blade Run,Simulation,beginner,14.496502296383612,3,0.3969502715966705,1
U00156,Aster Quest,Simulation,beginner,20.94081698278799,1,0.6273179832449265,1
U01042,Castle Farm,Action,beginner,26.966104079715365,3,0.42039491439757665,0
U00208,Blade Run,RPG,expert,22.051711611080382,0,0.3432098616902536,1
U00438,Castle Farm,RPG,normal,9.88831691183773,2,0.37853325382534714,0
U00585,Blade Run,Simulation,beginner,24.381828124549394,3,0.2137973101563245,0
